v1,v2,v3
-0.888,0.304,0.356
-0.876,0.292,0.36
-0.876,0.296,0.364
-0.872,0.3,0.368
-0.88,0.292,0.368
-0.876,0.288,0.364
-0.884,0.284,0.368
-0.876,0.288,0.356
-0.876,0.292,0.368
-0.876,0.284,0.364
-0.88,0.288,0.352
-0.88,0.296,0.356
-0.88,0.292,0.344
-0.872,0.3,0.348
-0.872,0.292,0.348
-0.872,0.284,0.344
-0.868,0.284,0.344
-0.872,0.284,0.348
-0.884,0.28,0.352
-0.872,0.28,0.348
-0.88,0.276,0.348
-0.884,0.284,0.348
-0.88,0.28,0.34
-0.884,0.28,0.348
-0.884,0.272,0.348
-0.896,0.272,0.364
-0.892,0.28,0.356
-0.888,0.288,0.356
-0.876,0.28,0.364
-0.884,0.272,0.356
-0.888,0.288,0.348
-0.872,0.276,0.352
-0.876,0.28,0.352
-0.88,0.276,0.352
-0.892,0.272,0.352
-0.892,0.276,0.344
-0.896,0.288,0.34
-0.892,0.296,0.348
-0.888,0.292,0.348
-0.884,0.276,0.34
-0.884,0.28,0.348
-0.88,0.28,0.344
-0.872,0.272,0.336
-0.88,0.272,0.344
-0.9,0.292,0.352
-0.896,0.288,0.348
-0.896,0.292,0.34
-0.896,0.3,0.348
-0.892,0.292,0.344
-0.892,0.312,0.352
-0.88,0.28,0.356
-0.872,0.276,0.356
-0.88,0.284,0.356
-0.88,0.288,0.364
-0.892,0.284,0.36
-0.884,0.28,0.356
-0.888,0.296,0.348
-0.892,0.296,0.352
-0.884,0.292,0.344
-0.884,0.284,0.348
-0.876,0.292,0.344
-0.88,0.284,0.34
-0.88,0.28,0.34
-0.88,0.28,0.336
-0.88,0.28,0.344
-0.884,0.288,0.336
-0.872,0.284,0.332
-0.884,0.276,0.336
-0.884,0.272,0.328
-0.888,0.292,0.328
-0.888,0.292,0.336
-0.876,0.284,0.332
-0.876,0.276,0.34
-0.884,0.284,0.34
-0.888,0.272,0.348
-0.888,0.272,0.356
-0.884,0.28,0.344
-0.884,0.284,0.352
-0.876,0.288,0.36
-0.876,0.28,0.356
-0.884,0.28,0.356
-0.876,0.284,0.364
-0.884,0.28,0.356
-0.884,0.264,0.364
-0.892,0.268,0.364
-0.892,0.26,0.38
-0.896,0.244,0.392
-0.888,0.244,0.392
-0.92,0.152,0.424
-0.896,0.16,0.396
-0.868,0.248,0.412
-1.028,0.408,0.4
-0.884,0.296,0.364
-0.84,0.372,0.348
-0.88,0.456,0.412
-0.82,0.404,0.368
-0.84,0.512,0.336
-0.848,0.6,0.22
-0.756,0.66,0.332
-0.756,0.66,0.288
-0.828,0.66,0.296
-0.8,0.524,0.276
-0.852,0.728,0.292
-0.772,0.556,0.24
-0.76,0.684,0.168
-0.78,0.68,0.152
-0.76,0.76,0.128
-0.732,0.636,0.108
-0.704,0.732,0.016
-0.7,0.788,-0.016
-0.704,0.872,-0.008
-0.664,0.88,-0.056
-0.612,0.844,-0.104
-0.68,0.904,-0.132
-0.668,0.892,-0.148
-0.608,0.872,-0.24
-0.64,0.928,-0.22
-0.616,0.896,-0.252
-0.6,0.932,-0.312
-0.556,1.044,-0.34
-0.564,0.852,-0.3
-0.568,0.868,-0.328
-0.588,1.14,-0.4
-0.624,0.468,-0.284
-0.524,0.828,-0.388
-0.384,0.996,-0.408
-0.392,0.972,-0.48
-0.46,1.004,-0.48
-0.404,0.708,-0.44
-0.404,0.936,-0.524
-0.404,0.8,-0.516
-0.432,0.948,-0.524
-0.488,1.308,-0.54
-0.316,1.044,-0.62
-0.356,1.272,-0.74
-0.204,0.976,-0.66
-0.232,0.94,-0.652
-0.532,1.4,-0.744
-0.104,0.924,-0.716
-0.148,1.016,-0.76
-0.14,0.988,-0.732
-0.108,1.028,-0.748
-0.028,0.872,-0.748
0.004,1.024,-0.772
0.024,0.852,-0.748
-0.128,1.212,-0.812
0.468,0.716,-0.64
0.076,0.828,-0.748
0.184,0.796,-0.768
0.18,0.792,-0.764
0.252,0.7,-0.76
0.264,0.696,-0.76
0.232,0.944,-0.732
0.404,0.656,-0.752
0.38,0.628,-0.732
0.484,0.46,-0.688
0.576,0.44,-0.72
0.452,0.584,-0.668
0.552,0.48,-0.652
0.536,0.536,-0.62
0.544,0.456,-0.564
0.608,0.412,-0.544
0.656,0.388,-0.548
0.668,0.384,-0.508
0.684,0.332,-0.488
0.74,0.324,-0.5
0.76,0.324,-0.46
0.796,0.336,-0.48
0.76,0.284,-0.468
0.796,0.288,-0.448
0.808,0.296,-0.416
0.828,0.324,-0.436
0.868,0.264,-0.412
0.88,0.244,-0.42
0.848,0.272,-0.388
0.876,0.3,-0.388
0.936,0.236,-0.404
0.932,0.26,-0.416
0.88,0.256,-0.38
0.948,0.248,-0.4
0.928,0.264,-0.372
0.94,0.264,-0.38
0.964,0.244,-0.412
0.972,0.252,-0.4
0.952,0.264,-0.352
0.968,0.244,-0.376
0.988,0.244,-0.376
0.976,0.248,-0.34
0.968,0.264,-0.36
0.964,0.244,-0.372
0.984,0.236,-0.348
0.996,0.264,-0.36
0.996,0.268,-0.372
0.996,0.208,-0.36
0.968,0.228,-0.348
0.996,0.248,-0.36
0.996,0.244,-0.38
0.98,0.232,-0.352
0.984,0.224,-0.352
0.988,0.256,-0.38
0.996,0.24,-0.38
1,0.24,-0.368
0.992,0.232,-0.364
0.984,0.236,-0.368
0.98,0.236,-0.352
0.976,0.244,-0.332
0.98,0.268,-0.36
0.968,0.264,-0.34
0.984,0.256,-0.34
0.984,0.264,-0.356
0.98,0.264,-0.34
0.976,0.26,-0.336
0.98,0.268,-0.328
0.96,0.28,-0.324
0.952,0.28,-0.32
0.972,0.26,-0.324
0.948,0.244,-0.32
0.936,0.288,-0.328
0.888,0.276,-0.308
0.868,0.26,-0.296
0.832,0.284,-0.304
0.828,0.28,-0.344
0.804,0.276,-0.348
0.776,0.3,-0.328
0.772,0.32,-0.304
0.808,0.296,-0.312
0.836,0.3,-0.336
0.764,0.32,-0.304
0.756,0.432,-0.344
0.684,0.464,-0.324
0.676,0.436,-0.34
0.78,0.42,-0.404
0.772,0.496,-0.408
0.608,0.552,-0.348
0.516,0.532,-0.388
0.708,0.492,-0.492
0.704,0.6,-0.5
0.58,0.704,-0.388
0.48,0.692,-0.436
0.548,0.756,-0.56
0.612,0.884,-0.564
0.436,0.96,-0.428
0.32,0.868,-0.408
0.436,0.856,-0.544
0.392,1.04,-0.528
0.38,1.092,-0.468
0.332,1.06,-0.464
0.312,1.02,-0.536
0.204,1.12,-0.512
0.176,1.156,-0.368
0.172,1.116,-0.376
0.148,1.184,-0.412
0.004,1.12,-0.376
0.004,1.16,-0.268
-0.016,1.176,-0.264
-0.06,1.164,-0.272
-0.16,1.176,-0.24
-0.252,1.128,-0.188
-0.256,1.08,-0.2
-0.28,1.092,-0.16
-0.34,1.084,-0.068
-0.444,1.044,0.016
-0.436,1.024,-0.008
-0.416,1.048,-0.092
-0.404,1.108,-0.092
-0.412,1.132,-0.06
-0.48,0.976,0.072
-0.616,0.96,0.128
-0.576,0.916,0.1
-0.576,1.008,0.108
-0.564,0.88,0.152
-0.62,0.84,0.16
-0.66,0.924,0.16
-0.428,0.836,0.196
-0.656,0.94,0.268
-0.62,0.776,0.272
-0.732,0.68,0.292
-0.82,0.36,0.372
-0.792,0.716,0.3
-0.832,0.676,0.316
-0.764,0.624,0.304
-0.816,0.52,0.304
-0.9,0.916,0.256
-0.792,0.68,0.276
-0.872,0.44,0.312
-0.908,0.552,0.252
-0.92,0.512,0.248
-0.94,0.444,0.244
-1.444,0.4,0.212
-1.4,0.344,0.28
-0.872,0.124,0.268
-1.096,0.556,0.248
-1.104,0.14,0.312
-0.992,0.344,0.252
-1.348,0.528,0.304
-1.248,0.252,0.24
-1.12,0.336,0.244
-0.952,0.3,0.228
-0.936,0.312,0.224
-0.912,0.348,0.204
-0.952,0.36,0.212
-0.944,0.364,0.216
-0.948,0.336,0.22
-0.928,0.32,0.208
-0.924,0.312,0.208
-0.928,0.308,0.208
-0.916,0.296,0.204
-0.932,0.304,0.204
-0.924,0.3,0.208
-0.932,0.3,0.188
-0.94,0.284,0.192
-0.936,0.28,0.2
-0.936,0.28,0.204
-0.936,0.28,0.192
-0.932,0.272,0.2
-0.932,0.268,0.2
-0.94,0.268,0.192
-0.94,0.28,0.184
-0.936,0.288,0.188
-0.94,0.28,0.188
-0.932,0.272,0.184
-0.932,0.272,0.192
-0.936,0.276,0.184
-0.936,0.28,0.18
-0.932,0.288,0.18
-0.948,0.284,0.192
-0.94,0.272,0.184
-0.94,0.28,0.192
-0.936,0.284,0.192
-0.936,0.288,0.196
-0.932,0.276,0.188
-0.932,0.268,0.192
-0.936,0.272,0.188
-0.936,0.284,0.18
-0.932,0.284,0.188
-0.94,0.276,0.184
-0.944,0.268,0.192
-0.944,0.272,0.196
-0.944,0.272,0.188
-0.948,0.284,0.192
-0.952,0.276,0.192
-0.944,0.272,0.188
-0.948,0.272,0.188
-0.944,0.268,0.192
-0.94,0.268,0.188
-0.94,0.264,0.192
-0.936,0.26,0.18
-0.932,0.268,0.18
-0.928,0.268,0.184
-0.94,0.264,0.188
-0.944,0.272,0.184
-0.952,0.272,0.192
-0.952,0.268,0.188
-0.952,0.272,0.176
-0.956,0.264,0.18
-0.956,0.268,0.192
-0.948,0.268,0.192
-0.952,0.264,0.184
-0.936,0.26,0.188
-0.928,0.28,0.192
-0.928,0.268,0.188
-0.936,0.268,0.184
-0.936,0.268,0.192
-0.936,0.268,0.184
-0.94,0.288,0.192
-0.944,0.28,0.196
-0.94,0.268,0.2
-0.944,0.272,0.196
-0.94,0.272,0.196
-0.936,0.284,0.204
-0.932,0.268,0.196
-0.944,0.272,0.192
-0.932,0.268,0.184
-0.924,0.264,0.188
-0.936,0.268,0.18
-0.94,0.264,0.18
-0.936,0.264,0.188
-0.948,0.264,0.192
-0.94,0.248,0.184
-0.948,0.252,0.188
-0.952,0.256,0.188
-0.944,0.256,0.184
-0.928,0.236,0.188
-0.956,0.248,0.196
-0.948,0.264,0.196
-0.928,0.264,0.2
-0.932,0.268,0.2
-0.928,0.264,0.208
-0.932,0.272,0.216
-0.928,0.272,0.22
-0.94,0.28,0.224
-0.936,0.28,0.216
-0.928,0.284,0.212
-0.952,0.248,0.236
-0.948,0.296,0.216
-0.944,0.292,0.208
-0.952,0.276,0.212
-0.952,0.268,0.22
-0.944,0.264,0.22
-0.936,0.272,0.216
-0.928,0.276,0.204
-0.96,0.256,0.22
-0.924,0.304,0.22
-0.924,0.276,0.208
-0.92,0.268,0.212
-0.928,0.272,0.2
-0.948,0.284,0.204
-0.932,0.272,0.196
-0.92,0.284,0.188
-0.924,0.268,0.196
-0.916,0.26,0.192
-0.92,0.264,0.192
-0.928,0.26,0.2
-0.932,0.264,0.196
-0.936,0.26,0.212
-0.936,0.26,0.204
-0.952,0.268,0.208
-0.948,0.26,0.2
-0.94,0.256,0.2
-0.936,0.252,0.196
-0.936,0.252,0.212
-0.936,0.26,0.22
-0.936,0.252,0.216
-0.932,0.248,0.22
-0.936,0.252,0.216
-0.948,0.252,0.216
-0.956,0.256,0.216
-0.944,0.248,0.216
-0.936,0.244,0.224
-0.936,0.256,0.204
-0.932,0.256,0.212
-0.94,0.26,0.208
-0.94,0.26,0.208
-0.94,0.26,0.212
-0.928,0.264,0.212
-0.936,0.268,0.212
-0.94,0.264,0.22
-0.94,0.26,0.212
-0.932,0.26,0.208
-0.932,0.26,0.204
-0.932,0.26,0.208
-0.936,0.252,0.22
-0.936,0.256,0.208
-0.94,0.256,0.216
-0.948,0.256,0.212
-0.952,0.256,0.208
-0.944,0.256,0.212
-0.952,0.26,0.2
-0.936,0.252,0.208
-0.948,0.252,0.208
-0.952,0.256,0.2
-0.952,0.256,0.2
-0.948,0.244,0.2
-0.944,0.252,0.212
-0.932,0.248,0.208
-0.94,0.244,0.2
-0.94,0.248,0.204
-0.936,0.256,0.208
-0.932,0.248,0.196
-0.932,0.264,0.212
-0.932,0.256,0.204
-0.932,0.252,0.196
-0.936,0.26,0.2
-0.952,0.26,0.2
-0.948,0.26,0.208
-0.94,0.256,0.216
-0.936,0.264,0.2
-0.944,0.272,0.196
-0.948,0.256,0.208
-0.932,0.252,0.212
-0.944,0.256,0.212
-0.948,0.252,0.22
-0.952,0.256,0.204
-0.936,0.256,0.208
-0.94,0.252,0.212
-0.936,0.256,0.216
-0.94,0.252,0.212
-0.928,0.256,0.204
-0.932,0.26,0.2
-0.936,0.248,0.2
-0.936,0.24,0.208
-0.948,0.26,0.2
-0.964,0.248,0.216
-0.94,0.256,0.212
-0.94,0.264,0.204
-0.952,0.268,0.22
-0.944,0.256,0.224
-0.928,0.24,0.2
-0.924,0.26,0.204
-0.944,0.28,0.204
-0.948,0.252,0.224
-0.944,0.236,0.216
-0.94,0.248,0.2
-0.956,0.28,0.216
-0.948,0.268,0.212
-0.948,0.252,0.204
-0.924,0.252,0.208
-0.92,0.272,0.204
-0.928,0.26,0.216
-0.92,0.256,0.212
-0.924,0.252,0.204
-0.924,0.252,0.204
-0.932,0.264,0.196
-0.936,0.264,0.208
-0.944,0.268,0.208
-0.944,0.256,0.2
-0.932,0.256,0.208
-0.936,0.256,0.204
-0.932,0.256,0.216
-0.932,0.248,0.216
-0.936,0.256,0.204
-0.948,0.248,0.216
-0.94,0.248,0.212
-0.956,0.252,0.212
-0.952,0.24,0.216
-0.94,0.236,0.212
-0.948,0.252,0.216
-0.948,0.252,0.204
-0.932,0.24,0.208
-0.952,0.248,0.22
-0.948,0.248,0.204
-0.936,0.252,0.208
-0.94,0.252,0.192
-0.944,0.252,0.204
-0.944,0.252,0.208
-0.94,0.256,0.212
-0.932,0.26,0.2
-0.936,0.256,0.212
-0.932,0.256,0.208
-0.924,0.26,0.208
-0.928,0.268,0.204
-0.936,0.26,0.208
-0.94,0.26,0.2
-0.944,0.256,0.212
-0.936,0.252,0.224
-0.94,0.252,0.22
-0.952,0.256,0.224
-0.948,0.252,0.216
-0.936,0.236,0.224
-0.928,0.248,0.212
-0.928,0.244,0.216
-0.932,0.244,0.212
-0.924,0.24,0.216
-0.944,0.248,0.224
-0.944,0.232,0.224
-0.948,0.24,0.228
-0.944,0.224,0.232
-0.952,0.236,0.232
-0.928,0.252,0.216
-0.928,0.256,0.224
-0.908,0.272,0.212
-0.904,0.288,0.212
-0.864,0.308,0.22
-0.92,0.296,0.232
-0.936,0.176,0.28
-0.996,0.18,0.26
-0.86,0.456,0.24
-0.9,0.232,0.168
-0.932,0.248,0.232
-0.98,0.252,0.232
-0.94,0.348,0.192
-0.956,0.396,0.104
-0.816,0.468,0.052
-0.868,0.448,0.016
-0.952,0.576,0.04
-0.972,0.712,-0.056
-0.8,0.604,-0.088
-1.116,0.5,0.044
-1.172,0.916,0.22
-1.012,0.428,-0.6
-0.784,0.684,0.4
-0.916,0.632,-0.496
-1.336,0.828,-0.716
-1.54,0.376,-0.028
-0.672,0.896,-0.172
-0.484,0.78,-0.164
-1.12,0.84,-0.228
-0.936,0.584,-0.184
-0.972,0.82,-0.22
-0.804,0.916,-0.212
-0.648,0.944,-0.408
-0.832,0.868,-0.256
-0.796,0.84,-0.292
-0.668,0.872,-0.368
-0.764,1.036,-0.38
-0.828,1.008,-0.372
-0.764,1.004,-0.416
-0.688,0.996,-0.468
-0.612,1.008,-0.472
-0.744,1.048,-0.528
-0.644,0.952,-0.508
-0.54,0.94,-0.516
-0.456,0.936,-0.52
-0.448,0.908,-0.568
-0.5,0.892,-0.564
-0.28,0.908,-0.592
-0.184,0.844,-0.624
-0.228,0.904,-0.652
-0.096,0.852,-0.696
-0.08,0.868,-0.704
0,0.836,-0.732
0.024,0.832,-0.764
0.092,0.74,-0.756
0.136,0.848,-0.776
0.196,0.8,-0.784
0.272,0.748,-0.756
0.248,0.88,-0.768
0.304,0.732,-0.744
0.32,0.72,-0.724
0.388,0.644,-0.716
0.296,0.676,-0.624
0.428,0.512,-0.588
0.424,0.52,-0.572
0.68,0.104,-0.472
0.596,0.444,-0.472
0.58,0.352,-0.464
0.584,0.3,-0.396
0.668,0.3,-0.38
0.852,-0.232,-0.296
0.736,0.176,-0.348
0.732,0.204,-0.32
0.86,0.136,-0.284
0.84,0.22,-0.304
0.86,0.192,-0.3
0.824,0.236,-0.312
0.888,0.22,-0.268
0.892,0.22,-0.268
0.856,0.244,-0.272
0.908,0.24,-0.312
0.94,0.252,-0.312
0.952,0.26,-0.284
0.968,0.268,-0.3
0.968,0.272,-0.32
0.964,0.284,-0.312
0.984,0.272,-0.296
0.984,0.248,-0.316
0.956,0.284,-0.332
0.964,0.276,-0.32
0.94,0.26,-0.348
0.948,0.26,-0.344
0.964,0.276,-0.352
0.98,0.248,-0.364
0.976,0.272,-0.352
0.968,0.3,-0.364
0.976,0.308,-0.368
1,0.288,-0.356
0.984,0.288,-0.388
0.98,0.312,-0.384
0.976,0.316,-0.372
0.976,0.296,-0.372
0.968,0.304,-0.388
0.968,0.308,-0.392
0.94,0.308,-0.4
0.964,0.288,-0.4
0.96,0.308,-0.42
0.968,0.296,-0.432
0.956,0.308,-0.444
0.96,0.316,-0.444
0.964,0.296,-0.452
0.96,0.308,-0.448
0.964,0.288,-0.444
0.948,0.324,-0.472
0.936,0.332,-0.472
0.936,0.328,-0.468
0.936,0.312,-0.46
0.948,0.328,-0.472
0.94,0.352,-0.464
0.924,0.344,-0.456
0.896,0.328,-0.444
0.9,0.348,-0.424
0.892,0.372,-0.42
0.908,0.352,-0.428
0.9,0.34,-0.42
0.852,0.356,-0.42
0.88,0.36,-0.436
0.864,0.38,-0.436
0.832,0.392,-0.412
0.824,0.356,-0.44
0.832,0.364,-0.424
0.804,0.368,-0.416
0.792,0.384,-0.448
0.78,0.4,-0.464
0.792,0.404,-0.456
0.756,0.416,-0.448
0.744,0.444,-0.456
0.704,0.468,-0.46
0.708,0.456,-0.584
0.724,0.46,-0.492
0.712,0.472,-0.484
0.672,0.528,-0.504
0.644,0.528,-0.508
0.64,0.532,-0.536
0.6,0.572,-0.564
0.524,0.612,-0.532
0.548,0.576,-0.516
0.532,0.628,-0.52
0.428,0.656,-0.568
0.4,0.664,-0.564
0.476,0.676,-0.576
0.46,0.772,-0.596
0.372,0.832,-0.572
0.308,0.828,-0.56
0.336,0.876,-0.632
0.288,0.964,-0.636
0.26,1.028,-0.64
0.248,1,-0.608
0.212,1.024,-0.588
0.176,1.084,-0.592
0.128,1.136,-0.568
0.084,1.116,-0.532
0.08,0.996,-0.496
0.048,1.1,-0.468
0.032,1.14,-0.388
-0.108,1.176,-0.372
-0.064,1.096,-0.336
0.18,1.064,-0.372
-0.132,1.216,-0.296
-0.108,1.204,-0.228
-0.148,1,-0.124
-0.208,1.048,-0.088
-0.208,1.144,-0.032
-0.388,1.196,-0.16
-0.472,0.936,0.06
-0.416,0.972,0.1
-0.44,1.04,0.152
-0.492,1.02,0.164
-0.412,1.008,0.164
-0.488,0.932,0.176
-0.56,0.944,0.216
-0.528,0.84,0.232
-0.604,0.856,0.244
-0.6,0.768,0.256
-0.672,0.772,0.288
-0.696,0.76,0.304
-0.712,0.752,0.292
-0.684,0.656,0.3
-0.704,0.584,0.336
-0.756,0.672,0.336
-0.8,0.556,0.364
-0.796,0.452,0.36
-0.828,0.276,0.372
-0.724,0.512,0.36
-0.824,0.54,0.4
-0.928,0.456,0.436
-0.848,0.28,0.396
-1,0.32,0.352
-1.012,0.964,0.328
-0.808,0.42,0.396
-1.224,-0.32,0.348
-0.824,0.424,0.332
-1.128,0.356,0.3
-0.912,0.496,0.268
-1.248,0.172,0.452
-0.94,0.104,0.316
-1.036,0.336,0.3
-1.044,0.28,0.304
-1.012,0.296,0.252
-0.996,0.292,0.288
-0.996,0.288,0.28
-0.964,0.26,0.272
-0.904,0.26,0.272
-0.932,0.26,0.26
-0.924,0.268,0.256
-0.948,0.268,0.264
-0.92,0.228,0.252
-0.836,0.212,0.244
-0.928,0.188,0.248
-0.9,0.244,0.24
-0.936,0.244,0.236
-0.928,0.244,0.248
-0.944,0.2,0.248
-0.96,0.184,0.24
-0.944,0.228,0.236
-0.948,0.248,0.236
-0.952,0.24,0.244
-0.952,0.212,0.232
-0.94,0.248,0.228
-0.952,0.224,0.228
-0.948,0.24,0.216
-0.94,0.232,0.224
-0.94,0.184,0.224
-0.948,0.172,0.22
-0.944,0.18,0.224
-0.944,0.204,0.216
-0.948,0.208,0.212
-0.952,0.212,0.232
-0.948,0.204,0.22
-0.948,0.2,0.216
-0.98,0.224,0.228
-0.952,0.232,0.212
-0.944,0.244,0.224
-0.948,0.224,0.224
-0.94,0.248,0.224
-0.94,0.232,0.22
-0.88,0.268,0.228
-0.936,0.224,0.22
-0.94,0.224,0.216
-0.948,0.216,0.212
-0.94,0.22,0.216
-0.944,0.244,0.212
-0.94,0.252,0.212
-0.948,0.24,0.22
-0.944,0.22,0.216
-0.952,0.228,0.22
-0.952,0.216,0.22
-0.944,0.22,0.22
-0.948,0.216,0.212
-0.952,0.22,0.216
-0.94,0.232,0.216
-0.944,0.232,0.228
-0.956,0.232,0.228
-0.952,0.232,0.228
-0.94,0.212,0.224
-0.952,0.2,0.224
-0.952,0.224,0.208
-0.956,0.244,0.22
-0.94,0.248,0.216
-0.936,0.228,0.22
-0.94,0.216,0.22
-0.956,0.228,0.232
-0.96,0.236,0.224
-0.956,0.232,0.224
-0.948,0.22,0.236
-0.928,0.216,0.22
-0.92,0.236,0.216
-0.928,0.236,0.224
-0.904,0.248,0.212
-0.932,0.232,0.208
-0.932,0.228,0.208
-0.944,0.224,0.212
-0.948,0.248,0.204
-2.048,0.752,0.46
-2.048,0.224,0.392
-1.92,0.512,0.432
-1.524,0.316,0.488
-1.76,0.356,0.308
-0.832,0.056,0.144
-0.828,0.128,0.18
-0.828,0.324,0.164
-0.752,-0.032,0.168
-1.076,0.412,0.22
-0.972,0.052,0.208
-1.092,0.28,0.212
-0.892,0.196,0.18
-0.844,0.252,0.176
-0.976,0.208,0.196
-1.048,0.212,0.2
-0.964,0.192,0.208
-0.924,0.216,0.2
-0.944,0.192,0.204
-0.968,0.16,0.2
-0.932,0.164,0.188
-0.924,0.16,0.192
-0.928,0.204,0.172
-0.964,0.176,0.18
-0.972,0.176,0.176
-0.952,0.192,0.164
-0.96,0.208,0.172
-0.98,0.196,0.176
-0.968,0.196,0.176
-0.944,0.2,0.168
-0.956,0.208,0.164
-0.968,0.204,0.172
-0.952,0.216,0.176
-0.944,0.212,0.176
-0.952,0.204,0.176
-0.964,0.208,0.176
-0.956,0.22,0.18
-0.96,0.224,0.188
-0.972,0.22,0.184
-0.98,0.2,0.192
-0.968,0.196,0.18
-0.968,0.216,0.184
-0.972,0.216,0.18
-0.968,0.2,0.192
-0.96,0.18,0.192
-0.956,0.192,0.188
-0.952,0.184,0.192
-0.952,0.196,0.192
-0.952,0.188,0.196
-0.948,0.188,0.196
-0.948,0.184,0.204
-0.956,0.188,0.204
-0.94,0.204,0.188
-0.948,0.212,0.204
-0.956,0.204,0.204
-0.96,0.192,0.196
-0.948,0.188,0.204
-0.944,0.18,0.2
-0.948,0.192,0.196
-0.952,0.204,0.192
-0.956,0.212,0.2
-0.952,0.192,0.192
-0.952,0.196,0.188
-0.948,0.204,0.2
-0.932,0.192,0.216
-0.952,0.212,0.196
-0.956,0.176,0.216
-0.968,0.144,0.216
-0.936,0.184,0.196
-0.94,0.18,0.224
-0.932,0.108,0.208
-0.952,0.188,0.176
-0.944,0.256,0.18
-0.96,0.308,0.204
-0.96,0.288,0.192
-0.932,0.26,0.152
-0.908,0.332,0.148
-0.924,0.352,0.184
-0.964,0.36,0.196
-0.908,0.324,0.132
-0.908,0.42,0.108
-0.932,0.508,0.104
-0.912,0.456,0.084
-0.872,0.44,0.044
-0.84,0.516,0.016
-0.88,0.568,-0.004
-0.888,0.496,-0.008
-0.848,0.552,-0.06
-0.86,0.636,-0.08
-0.864,0.684,-0.104
-0.848,0.676,-0.128
-0.84,0.632,-0.12
-0.856,0.696,-0.164
-0.852,0.728,-0.156
-0.844,0.68,-0.196
-0.824,0.824,-0.26
-0.828,0.788,-0.26
-0.808,0.852,-0.276
-1.132,0.496,-0.2
-0.876,0.836,-0.304
-0.748,0.408,-0.328
-0.76,0.756,-0.412
-0.772,0.76,-0.412
-0.572,0.368,-0.42
-0.816,0.732,-0.484
-0.748,0.876,-0.532
-0.744,1.028,-0.64
-0.672,0.856,-0.596
-0.7,0.824,-0.604
-0.608,0.796,-0.596
-0.632,0.816,-0.644
-0.58,0.812,-0.732
-0.524,0.792,-0.764
-0.52,0.784,-0.728
-0.1,0.08,-0.648
-0.488,0.768,-0.82
-0.368,0.836,-0.852
-0.296,0.756,-0.888
-0.292,0.728,-0.876
-0.22,0.764,-0.896
-0.176,0.768,-0.96
-0.208,0.78,-0.936
-0.096,0.692,-0.936
-0.084,0.752,-0.948
-0.072,0.664,-0.928
-0.036,0.696,-0.916
0.016,0.664,-0.956
-0.296,1.484,-0.944
0.26,0.452,-0.864
0.088,0.616,-0.86
0.176,0.568,-0.832
0.188,0.568,-0.8
0.3,0.508,-0.784
0.256,0.484,-0.732
0.308,0.48,-0.692
0.432,0.452,-0.672
0.46,0.432,-0.672
0.436,0.408,-0.604
0.52,0.404,-0.588
0.568,0.436,-0.604
0.568,0.404,-0.552
0.612,0.332,-0.524
0.62,0.364,-0.508
0.676,0.304,-0.492
0.648,0.308,-0.48
0.684,0.268,-0.42
0.736,0.268,-0.416
0.748,0.232,-0.4
0.724,0.248,-0.392
0.764,0.272,-0.38
0.784,0.276,-0.352
0.812,0.256,-0.364
0.816,0.28,-0.388
0.828,0.304,-0.4
0.84,0.316,-0.408
0.844,0.32,-0.404
0.884,0.328,-0.404
0.892,0.32,-0.428
0.908,0.356,-0.436
0.9,0.372,-0.452
0.908,0.376,-0.432
0.924,0.352,-0.456
0.944,0.388,-0.468
0.928,0.372,-0.456
0.94,0.332,-0.456
0.964,0.388,-0.48
0.944,0.38,-0.468
0.948,0.332,-0.472
0.916,0.332,-0.488
0.9,0.364,-0.484
0.884,0.36,-0.464
0.892,0.364,-0.476
0.896,0.364,-0.472
0.9,0.388,-0.472
0.892,0.376,-0.456
0.888,0.364,-0.456
0.9,0.376,-0.46
0.876,0.428,-0.472
0.912,0.392,-0.472
0.88,0.396,-0.464
0.884,0.404,-0.48
0.9,0.412,-0.5
0.884,0.392,-0.476
0.876,0.428,-0.472
0.872,0.388,-0.46
0.852,0.388,-0.464
0.824,0.38,-0.444
0.824,0.376,-0.428
0.808,0.388,-0.412
0.9,0.404,-0.392
0.768,0.428,-0.412
0.724,0.388,-0.388
0.752,0.36,-0.404
0.768,0.388,-0.456
0.76,0.456,-0.464
0.712,0.448,-0.436
0.676,0.468,-0.436
0.672,0.476,-0.432
0.684,0.588,-0.5
0.58,0.592,-0.452
0.588,0.536,-0.432
0.532,0.528,-0.44
0.612,0.62,-0.528
0.648,0.68,-0.528
0.584,0.632,-0.436
0.508,0.676,-0.44
0.592,0.652,-0.42
0.528,0.796,-0.472
0.44,0.888,-0.412
0.276,0.788,-0.276
0.38,0.776,-0.284
0.372,0.92,-0.332
0.304,1.048,-0.344
0.356,1.048,-0.328
0.224,1.032,-0.228
0.184,1.056,-0.132
0.192,1.128,-0.18
0.124,1.184,-0.172
0.1,1.084,-0.136
0.024,1.024,-0.032
-0.112,1.18,0.008
-0.008,1.244,0.008
-0.1,1.072,0.06
-0.112,1.012,0.02
-0.18,1.108,0.036
-0.24,1.132,0.228
-0.36,1.02,0.352
-0.392,0.82,0.304
-0.392,0.84,0.244
-0.38,0.948,0.304
-0.604,1.108,0.372
-0.572,0.936,0.38
-0.588,0.872,0.368
-0.62,0.844,0.376
-0.66,0.764,0.424
-0.772,0.792,0.452
-0.772,0.688,0.44
-0.78,0.664,0.404
-0.768,0.572,0.456
-0.888,0.728,0.44
-0.836,0.652,0.452
-0.856,0.548,0.404
-0.84,0.464,0.408
-0.892,0.476,0.448
-0.94,0.72,0.396
-0.872,0.52,0.4
-0.884,0.372,0.384
-0.928,0.38,0.388
-0.936,0.216,0.408
-1.02,0.428,0.388
-0.98,0.272,0.388
-0.98,0.268,0.372
-0.968,0.256,0.356
-0.972,0.304,0.328
-0.964,0.276,0.304
-0.964,0.3,0.28
-0.968,0.268,0.272
-0.968,0.256,0.268
-0.992,0.26,0.232
-0.988,0.216,0.244
-0.968,0.256,0.232
-0.956,0.232,0.228
-0.964,0.232,0.22
-0.952,0.212,0.204
-0.94,0.212,0.192
-0.952,0.212,0.188
-0.96,0.204,0.192
-0.948,0.18,0.184
-0.96,0.184,0.184
-0.972,0.192,0.176
-0.968,0.192,0.18
-0.956,0.18,0.18
-0.96,0.172,0.168
-0.972,0.18,0.164
-0.972,0.176,0.16
-0.968,0.164,0.152
-0.964,0.16,0.148
-0.972,0.18,0.14
-0.968,0.18,0.148
-0.984,0.172,0.148
-0.976,0.156,0.136
-0.968,0.16,0.144
-0.968,0.172,0.132
-0.976,0.164,0.14
-0.968,0.156,0.128
-0.972,0.176,0.124
-0.968,0.172,0.12
-0.964,0.164,0.124
-0.952,0.16,0.124
-0.96,0.156,0.132
-0.96,0.16,0.14
-0.96,0.172,0.132
-0.956,0.18,0.132
-0.96,0.18,0.14
-0.968,0.2,0.14
-0.956,0.192,0.132
-0.968,0.2,0.136
-0.972,0.184,0.136
-0.968,0.18,0.132
-0.968,0.184,0.128
-0.964,0.204,0.124
-0.964,0.204,0.12
-0.96,0.18,0.14
-0.976,0.172,0.136
-0.968,0.184,0.124
-0.972,0.192,0.136
-0.968,0.188,0.136
-0.964,0.188,0.124
-0.968,0.184,0.124
-0.976,0.18,0.112
-0.968,0.172,0.128
-0.968,0.184,0.124
-0.968,0.18,0.124
-0.968,0.196,0.116
-0.972,0.192,0.124
-0.964,0.184,0.124
-0.968,0.18,0.124
-0.964,0.18,0.124
-0.964,0.192,0.132
-0.968,0.176,0.124
-0.976,0.188,0.132
-0.98,0.192,0.124
-0.964,0.2,0.116
-0.968,0.2,0.124
-0.98,0.188,0.128
-0.972,0.184,0.116
-0.972,0.184,0.128
-0.976,0.192,0.12
-0.968,0.188,0.132
-0.96,0.2,0.124
-0.968,0.208,0.116
-0.964,0.2,0.12
-0.968,0.196,0.132
-0.964,0.176,0.136
-0.964,0.192,0.124
-0.968,0.204,0.132
-0.964,0.192,0.128
-0.964,0.184,0.12
-0.964,0.188,0.124
-0.968,0.184,0.132
-0.96,0.188,0.124
-0.972,0.176,0.136
-0.968,0.184,0.136
-0.968,0.192,0.136
-0.968,0.184,0.136
-0.968,0.184,0.136
-0.956,0.18,0.14
-0.972,0.196,0.14
-0.96,0.196,0.14
-0.964,0.192,0.132
-0.968,0.184,0.136
-0.96,0.184,0.132
-0.964,0.192,0.132
-0.956,0.2,0.132
-0.964,0.18,0.128
-0.968,0.184,0.132
-0.968,0.188,0.132
-0.964,0.188,0.12
-0.972,0.196,0.128
-0.968,0.2,0.132
-0.964,0.192,0.128
-0.972,0.2,0.132
-0.968,0.196,0.124
-0.972,0.188,0.136
-0.964,0.188,0.144
-0.964,0.184,0.14
-0.96,0.2,0.12
-0.968,0.212,0.12
-0.964,0.2,0.128
-0.976,0.184,0.128
-0.972,0.172,0.136
-0.964,0.172,0.132
-0.972,0.188,0.124
-0.972,0.2,0.128
-0.98,0.184,0.124
-0.972,0.18,0.116
-0.972,0.18,0.124
-0.972,0.176,0.12
-0.972,0.176,0.124
-0.972,0.2,0.124
-0.964,0.188,0.12
-0.976,0.192,0.112
-0.964,0.152,0.124
-0.956,0.164,0.128
-0.956,0.152,0.128
-0.96,0.152,0.132
-0.996,0.14,0.092
-0.976,0.164,0.124
-0.996,0.204,0.108
-0.976,0.196,0.092
-0.968,0.192,0.112
-0.976,0.196,0.12
-0.972,0.204,0.12
-0.952,0.208,0.092
-0.952,0.256,0.1
-0.956,0.264,0.104
-0.948,0.26,0.12
-0.972,0.256,0.1
-0.98,0.244,0.104
-0.98,0.248,0.116
-0.984,0.228,0.128
-0.984,0.212,0.12
-0.96,0.204,0.12
-0.976,0.212,0.124
-0.984,0.212,0.128
-0.972,0.188,0.12
-0.956,0.2,0.12
-0.94,0.2,0.12
-0.952,0.212,0.12
-0.964,0.2,0.124
-0.968,0.2,0.132
-0.956,0.22,0.12
-0.964,0.236,0.116
-0.968,0.216,0.128
-0.964,0.184,0.136
-0.968,0.188,0.12
-0.956,0.212,0.12
-0.944,0.228,0.112
-0.952,0.216,0.116
-0.96,0.2,0.108
-0.96,0.204,0.108
-0.952,0.22,0.104
-0.96,0.22,0.112
-0.968,0.204,0.108
-0.98,0.212,0.124
-0.976,0.208,0.116
-0.976,0.232,0.1
-0.968,0.232,0.112
-0.968,0.208,0.12
-0.968,0.176,0.128
-0.968,0.208,0.12
-0.968,0.22,0.128
-0.976,0.212,0.128
-0.98,0.2,0.132
-0.98,0.204,0.136
-0.976,0.2,0.136
-0.972,0.208,0.136
-0.952,0.2,0.128
-0.964,0.204,0.14
-0.952,0.188,0.132
-0.972,0.18,0.144
-0.96,0.208,0.14
-0.956,0.216,0.144
-0.968,0.224,0.14
-0.972,0.18,0.156
-0.976,0.18,0.164
-0.976,0.212,0.168
-0.952,0.26,0.12
-0.948,0.28,0.116
-0.972,0.276,0.132
-0.944,0.288,0.112
-0.984,0.376,0.144
-0.968,0.1,0.152
-0.92,0.468,0.06
-0.92,0.38,0.108
-0.952,0.38,0.084
-0.9,0.352,0.056
-0.992,0.484,0.032
-0.952,0.576,0.096
-0.952,0.572,0.024
-0.776,0.588,-0.072
-0.88,0.612,-0.092
-1.112,0.864,0.012
-0.992,1.052,-0.02
-0.728,0.768,-0.124
-0.808,0.804,-0.168
-0.564,0.468,-0.248
-0.724,1.4,-0.208
-0.644,1.932,0.148
-0.452,0.684,-0.544
0.008,0.984,-0.464
-0.864,1.468,-0.208
-1.192,1.108,-0.2
-0.768,0.328,-0.06
-1.632,0.976,-0.436
-1.064,0.444,-0.44
-0.748,0.956,-0.408
-0.484,0.436,-0.4
-0.472,0.764,-0.48
-0.528,0.608,-0.5
-0.46,0.48,-0.492
-0.584,0.696,-0.54
-0.424,0.804,-0.528
-0.484,0.784,-0.56
-0.456,0.768,-0.6
-0.536,0.524,-0.552
-0.484,0.712,-0.588
-0.388,0.72,-0.596
-0.352,0.752,-0.612
-0.328,0.7,-0.652
-0.336,0.724,-0.672
-0.28,0.716,-0.636
-0.264,0.744,-0.656
-0.28,0.772,-0.724
-0.272,0.748,-0.736
-0.172,0.76,-0.796
-0.172,0.84,-0.796
-0.16,0.8,-0.804
-0.148,0.792,-0.852
-0.08,0.852,-0.884
-0.056,0.868,-0.888
-0.02,0.812,-0.888
-0.052,0.792,-0.904
-0.04,0.832,-0.904
-0.104,1,-0.9
0.048,0.76,-0.88
-0.004,0.796,-0.896
0.056,0.768,-0.876
0.092,0.732,-0.84
0.104,0.728,-0.836
0.172,0.752,-0.856
0.208,0.736,-0.848
0.216,0.7,-0.816
0.252,0.704,-0.836
0.268,0.708,-0.812
0.284,0.676,-0.796
0.36,0.676,-0.82
0.392,0.668,-0.832
0.416,0.644,-0.788
0.4,0.64,-0.776
0.452,0.636,-0.776
0.5,0.608,-0.724
0.48,0.6,-0.66
0.5,0.54,-0.644
0.54,0.492,-0.6
0.556,0.488,-0.564
0.536,0.472,-0.516
0.564,0.384,-0.448
0.636,0.364,-0.46
0.652,0.384,-0.452
0.66,0.392,-0.42
0.68,0.336,-0.392
0.732,0.356,-0.404
0.748,0.356,-0.376
0.764,0.372,-0.396
0.78,0.356,-0.388
0.784,0.336,-0.352
0.812,0.352,-0.372
0.804,0.388,-0.384
0.808,0.356,-0.348
0.828,0.364,-0.376
0.844,0.376,-0.36
0.856,0.384,-0.356
0.844,0.416,-0.364
0.868,0.408,-0.392
0.888,0.372,-0.392
0.884,0.412,-0.4
0.888,0.424,-0.412
0.924,0.428,-0.444
0.888,0.432,-0.424
0.904,0.436,-0.448
0.892,0.456,-0.46
0.884,0.456,-0.44
0.896,0.44,-0.444
0.92,0.448,-0.468
0.912,0.44,-0.46
0.9,0.452,-0.476
0.892,0.456,-0.472
0.88,0.464,-0.468
0.876,0.452,-0.476
0.884,0.464,-0.484
0.9,0.448,-0.476
0.896,0.436,-0.48
0.872,0.476,-0.476
0.88,0.448,-0.464
0.864,0.428,-0.488
0.884,0.476,-0.452
0.872,0.476,-0.468
0.872,0.48,-0.476
0.884,0.448,-0.468
0.888,0.44,-0.448
0.884,0.484,-0.452
0.848,0.492,-0.448
0.868,0.428,-0.428
0.872,0.472,-0.468
0.908,0.5,-0.472
0.876,0.504,-0.46
0.872,0.476,-0.428
0.844,0.532,-0.416
0.86,0.504,-0.432
0.868,0.516,-0.448
0.86,0.544,-0.456
0.844,0.512,-0.428
0.844,0.512,-0.436
0.852,0.508,-0.436
0.836,0.492,-0.436
0.82,0.528,-0.424
0.816,0.516,-0.412
0.792,0.488,-0.392
0.76,0.48,-0.38
0.748,0.508,-0.396
0.72,0.532,-0.396
0.696,0.524,-0.384
0.7,0.48,-0.368
0.668,0.532,-0.38
0.644,0.584,-0.356
0.664,0.56,-0.36
0.696,0.584,-0.392
0.636,0.676,-0.408
0.604,0.648,-0.404
0.632,0.58,-0.384
0.612,0.608,-0.388
0.576,0.624,-0.356
0.6,0.724,-0.376
0.576,0.704,-0.344
0.54,0.688,-0.336
0.556,0.776,-0.36
0.54,0.836,-0.368
0.528,0.872,-0.348
0.44,0.888,-0.288
0.44,0.86,-0.284
0.512,0.916,-0.348
0.44,1.072,-0.344
0.336,1.056,-0.264
0.332,0.972,-0.284
0.416,1.012,-0.34
0.276,1.212,-0.296
0.172,1.244,-0.196
0.192,1.004,-0.148
0.252,0.96,-0.188
0.152,1.124,-0.176
0.052,1.264,-0.092
0.04,1.2,-0.036
0.028,0.968,-0.048
-0.04,1.08,-0.028
-0.192,1.252,0.116
-0.196,0.976,0.212
-0.212,0.824,0.16
-0.212,1.112,0.044
-0.352,1.368,0.22
-0.4,1.164,0.316
-0.356,0.968,0.324
-0.336,0.888,0.26
-0.308,0.704,0.292
-0.356,0.972,0.364
-0.476,0.908,0.44
-0.512,0.784,0.396
-0.476,0.724,0.372
-0.56,0.816,0.428
-0.608,0.856,0.488
-0.656,0.748,0.52
-0.74,0.636,0.52
-0.728,0.724,0.496
-0.712,0.616,0.468
-0.76,0.588,0.484
-0.824,0.612,0.48
-0.812,0.492,0.456
-0.836,0.596,0.44
-0.824,0.432,0.404
-0.86,0.448,0.396
-0.836,0.24,0.388
-0.908,0.428,0.404
-0.864,0.38,0.38
-0.944,0.392,0.376
-0.912,0.312,0.348
-0.916,0.408,0.332
-0.928,0.34,0.324
-0.96,0.368,0.324
-0.912,0.084,0.336
-0.948,0.396,0.296
-0.948,0.272,0.32
-0.96,0.256,0.308
-0.948,0.248,0.292
-0.968,0.28,0.288
-0.952,0.272,0.276
-0.956,0.264,0.26
-0.952,0.244,0.26
-0.976,0.236,0.264
-0.96,0.224,0.26
-0.964,0.244,0.248
-0.94,0.244,0.236
-0.948,0.232,0.236
-0.952,0.208,0.24
-0.96,0.216,0.228
-0.956,0.204,0.224
-0.964,0.212,0.208
-0.956,0.212,0.208
-0.956,0.232,0.204
-0.968,0.216,0.216
-0.964,0.204,0.204
-0.964,0.192,0.208
-0.956,0.184,0.196
-0.952,0.196,0.192
-0.964,0.212,0.176
-0.964,0.228,0.168
-0.956,0.224,0.168
-0.944,0.216,0.16
-0.964,0.212,0.152
-0.968,0.224,0.152
-0.964,0.24,0.148
-0.936,0.224,0.136
-0.96,0.22,0.14
-0.952,0.212,0.14
-0.956,0.24,0.136
-0.964,0.236,0.14
-0.952,0.232,0.136
-0.944,0.224,0.144
-0.956,0.22,0.152
-0.956,0.236,0.136
-0.968,0.244,0.144
-0.96,0.228,0.144
-0.964,0.236,0.148
-0.96,0.232,0.148
-0.948,0.232,0.144
-0.964,0.236,0.148
-0.964,0.224,0.144
-0.956,0.228,0.144
-0.96,0.224,0.152
-0.968,0.232,0.16
-0.96,0.236,0.168
-0.956,0.228,0.172
-0.972,0.24,0.172
-0.964,0.232,0.188
-0.964,0.228,0.204
-0.964,0.22,0.196
-0.972,0.228,0.196
-0.964,0.228,0.196
-0.944,0.208,0.192
-0.944,0.212,0.176
-0.968,0.212,0.164
-0.976,0.216,0.164
-0.976,0.232,0.172
-0.968,0.224,0.16
-0.956,0.232,0.144
-0.944,0.26,0.152
-0.944,0.248,0.156
-0.948,0.212,0.156
-0.94,0.224,0.16
-0.928,0.244,0.168
-0.92,0.232,0.168
-0.932,0.248,0.16
-0.932,0.248,0.184
-0.924,0.248,0.176
-0.932,0.252,0.18
-0.94,0.248,0.18
-0.94,0.264,0.192
-0.952,0.268,0.188
-0.944,0.272,0.18
-0.948,0.26,0.184
-0.936,0.3,0.188
-0.92,0.248,0.196
-0.94,0.26,0.184
-0.968,0.256,0.188
-0.952,0.256,0.188
-0.94,0.264,0.188
-0.956,0.256,0.192
-0.956,0.252,0.188
-0.956,0.248,0.184
-0.948,0.252,0.188
-0.956,0.256,0.188
-0.952,0.248,0.192
-0.952,0.244,0.192
-0.948,0.24,0.192
-0.948,0.244,0.184
-0.944,0.24,0.184
-0.952,0.244,0.188
-0.948,0.244,0.196
-0.944,0.248,0.184
-0.948,0.248,0.196
-0.948,0.24,0.188
-0.948,0.24,0.188
-0.96,0.244,0.196
-0.948,0.244,0.188
-0.94,0.232,0.188
-0.944,0.228,0.188
-0.94,0.252,0.184
-0.944,0.264,0.184
-0.952,0.252,0.18
-0.948,0.24,0.188
-0.948,0.24,0.188
-0.948,0.256,0.192
-0.948,0.26,0.188
-0.952,0.248,0.188
-0.944,0.248,0.188
-0.948,0.252,0.188
-0.94,0.256,0.188
-0.94,0.256,0.184
-0.948,0.252,0.184
-0.956,0.248,0.2
-0.948,0.248,0.192
-0.948,0.256,0.184
-0.944,0.256,0.184
-0.944,0.256,0.184
-0.944,0.248,0.184
-0.948,0.252,0.184
-0.944,0.252,0.196
-0.944,0.252,0.192
-0.956,0.256,0.192
-0.944,0.252,0.196
-0.936,0.252,0.188
-0.944,0.256,0.184
-0.956,0.252,0.196
-0.952,0.24,0.196
-0.94,0.244,0.2
-0.936,0.244,0.2
-0.94,0.252,0.196
-0.952,0.252,0.2
-0.948,0.252,0.2
-0.944,0.24,0.2
-0.944,0.24,0.196
-0.944,0.24,0.204
-0.956,0.236,0.204
-0.94,0.248,0.196
-0.952,0.252,0.188
-0.948,0.248,0.196
-0.932,0.248,0.184
-0.936,0.248,0.192
-0.94,0.248,0.192
-0.936,0.252,0.192
-0.936,0.252,0.188
-0.916,0.236,0.188
-0.936,0.244,0.2
-0.932,0.248,0.2
-0.936,0.256,0.192
-0.948,0.248,0.196
-0.972,0.256,0.2
-0.96,0.26,0.2
-0.952,0.264,0.2
-0.94,0.264,0.2
-0.94,0.256,0.204
-0.944,0.256,0.208
-0.944,0.252,0.208
-0.94,0.248,0.204
-0.948,0.248,0.208
-0.936,0.252,0.208
-0.94,0.252,0.2
-0.94,0.26,0.2
-0.948,0.256,0.208
-0.944,0.252,0.188
-0.952,0.252,0.192
-0.956,0.256,0.196
-0.948,0.252,0.192
-0.94,0.252,0.2
-0.94,0.244,0.192
-0.944,0.248,0.2
-0.94,0.26,0.192
-0.948,0.268,0.2
-0.94,0.256,0.2
-0.948,0.264,0.2
-0.944,0.26,0.208
-0.94,0.26,0.216
-0.94,0.256,0.208
-0.94,0.256,0.212
-0.94,0.252,0.224
-0.952,0.252,0.228
-0.952,0.252,0.232
-0.96,0.256,0.24
-0.94,0.268,0.248
-0.928,0.284,0.252
-0.924,0.3,0.252
-0.924,0.292,0.26
-0.928,0.296,0.256
-0.936,0.328,0.26
-0.944,0.344,0.292
-0.94,0.332,0.312
-0.876,0.308,0.312
-0.916,0.368,0.308
-0.888,0.444,0.284
-0.884,0.508,0.28
-0.888,0.616,0.28
-1.044,0.672,0.372
-0.808,0.98,0.408
-0.532,0.404,0.1
-0.98,0.908,0.332
-0.84,1.084,0.224
-0.936,1.024,0.212
-0.936,0.784,0.168
-1.12,0.64,0.128
-1.176,1.028,0.136
-0.992,0.936,0.164
-0.96,0.94,0.048
-0.764,0.828,0.008
-0.68,0.824,-0.016
-0.584,0.772,-0.02
-0.656,0.764,-0.052
-0.604,0.76,-0.12
-0.492,0.788,-0.272
-0.58,0.816,-0.128
-0.556,0.852,-0.2
-0.56,0.716,-0.228
-0.496,0.796,-0.292
-0.556,0.876,-0.288
-0.464,0.78,-0.34
-0.448,0.832,-0.424
-0.424,0.852,-0.432
-0.368,0.88,-0.464
-0.388,0.784,-0.504
-0.34,0.816,-0.536
-0.372,0.948,-0.576
-0.388,0.876,-0.596
-0.384,0.936,-0.62
-0.368,0.912,-0.632
-0.336,0.984,-0.672
-0.324,0.92,-0.7
-0.272,0.96,-0.724
-0.264,0.984,-0.692
-0.272,0.94,-0.712
-0.272,1,-0.744
-0.228,0.964,-0.752
-0.204,0.964,-0.74
-0.184,0.94,-0.74
-0.184,0.936,-0.764
-0.148,0.9,-0.772
-0.116,0.932,-0.784
-0.08,0.944,-0.8
0.008,0.78,-0.784
-0.064,0.892,-0.78
-0.012,0.724,-0.8
0.016,0.812,-0.82
0.016,0.812,-0.804
0.14,0.956,-0.792
-0.096,1.156,-0.832
0.136,0.808,-0.812
0.124,0.764,-0.784
0.18,0.744,-0.776
0.208,0.692,-0.76
0.22,0.68,-0.748
0.268,0.644,-0.736
0.336,0.604,-0.712
0.304,0.608,-0.672
0.408,0.54,-0.632
0.448,0.616,-0.648
0.456,0.528,-0.6
0.524,0.42,-0.572
0.56,0.512,-0.576
0.516,0.468,-0.556
0.62,0.476,-0.532
0.636,0.488,-0.556
0.66,0.464,-0.52
0.644,0.448,-0.508
0.7,0.428,-0.492
0.696,0.428,-0.468
0.716,0.384,-0.464
0.704,0.372,-0.436
0.748,0.372,-0.34
0.696,0.388,-0.38
0.744,0.328,-0.38
0.78,0.344,-0.384
0.772,0.368,-0.356
0.784,0.32,-0.348
0.808,0.292,-0.336
0.816,0.34,-0.368
0.828,0.36,-0.368
0.836,0.328,-0.384
0.836,0.36,-0.392
0.856,0.364,-0.424
0.872,0.372,-0.448
0.868,0.416,-0.444
0.896,0.424,-0.452
0.888,0.4,-0.46
0.84,0.452,-0.444
0.9,0.444,-0.468
0.896,0.48,-0.464
0.84,0.416,-0.472
0.988,0.336,-0.5
0.848,0.496,-0.484
0.844,0.488,-0.448
0.824,0.476,-0.444
0.832,0.508,-0.468
0.78,0.58,-0.528
0.792,0.528,-0.476
0.792,0.588,-0.448
0.8,0.504,-0.396
0.82,0.488,-0.356
0.816,0.576,-0.364
0.8,0.652,-0.388
0.796,0.688,-0.352
0.804,0.576,-0.328
0.804,0.588,-0.272
0.768,0.664,-0.208
0.744,0.708,-0.208
0.776,0.74,-0.236
0.804,0.72,-0.188
0.76,0.716,-0.092
0.74,0.736,-0.056
0.736,0.624,-0.036
0.488,0.864,0.04
0.764,0.796,-0.156
0.504,0.58,0.016
0.664,0.696,0.108
0.668,0.732,0.104
0.676,0.68,0.112
0.62,0.816,0.152
0.58,0.664,0.212
0.656,0.724,0.184
0.592,0.808,0.24
0.588,0.848,0.256
0.568,0.804,0.292
0.484,0.796,0.292
0.52,0.856,0.328
0.508,0.968,0.332
0.444,0.916,0.388
0.376,0.864,0.428
0.384,0.816,0.42
0.612,0.744,0.34
0.328,0.956,0.456
0.316,0.896,0.512
0.264,0.828,0.532
0.216,0.9,0.516
0.164,0.956,0.548
0.196,0.976,0.536
0.156,0.948,0.568
0.052,0.968,0.632
0.02,0.868,0.612
0.048,0.84,0.604
-0.016,0.908,0.652
-0.116,1.04,0.636
-0.08,0.884,0.616
-0.044,0.86,0.624
-0.064,0.848,0.688
-0.132,0.896,0.68
-0.144,0.868,0.648
-0.172,0.836,0.636
-0.212,1.06,0.672
-0.164,0.792,0.732
-0.228,0.736,0.74
-0.288,0.796,0.696
-0.284,0.764,0.644
-0.316,0.8,0.68
-0.372,0.712,0.724
-0.416,0.7,0.708
-0.44,0.692,0.648
-0.408,0.308,0.736
-0.496,0.832,0.68
-0.548,0.64,0.724
-0.548,0.628,0.692
-0.528,0.588,0.62
-0.552,0.624,0.608
-0.584,0.604,0.668
-0.612,0.548,0.648
-0.62,0.536,0.6
-0.636,0.524,0.588
-0.676,0.516,0.608
-0.692,0.5,0.608
-0.704,0.492,0.616
-0.716,0.496,0.58
-0.74,0.472,0.592
-0.752,0.476,0.576
-0.76,0.444,0.58
-0.748,0.408,0.544
-0.776,0.436,0.54
-0.78,0.452,0.528
-0.776,0.452,0.532
-0.78,0.44,0.536
-0.792,0.396,0.536
-0.8,0.36,0.528
-0.804,0.34,0.524
-0.816,0.372,0.508
-0.82,0.388,0.496
-0.82,0.38,0.492
-0.832,0.36,0.488
-0.82,0.332,0.464
-0.836,0.34,0.46
-0.832,0.34,0.44
-0.856,0.336,0.44
-0.868,0.3,0.444
-0.884,0.328,0.416
-0.896,0.344,0.432
-0.896,0.316,0.432
-0.9,0.284,0.416
-0.892,0.252,0.4
-0.896,0.26,0.396
-0.884,0.292,0.384
-0.896,0.284,0.388
-0.9,0.26,0.38
-0.9,0.268,0.364
-0.9,0.292,0.356
-0.9,0.304,0.364
-0.908,0.276,0.348
-0.904,0.256,0.336
-0.904,0.252,0.344
-0.916,0.284,0.328
-0.904,0.284,0.328
-0.9,0.272,0.32
-0.9,0.248,0.332
-0.9,0.24,0.328
-0.904,0.26,0.32
-0.9,0.268,0.312
-0.916,0.272,0.316
-0.912,0.264,0.304
-0.912,0.256,0.312
-0.908,0.268,0.3
-0.904,0.264,0.308
-0.912,0.26,0.304
-0.912,0.248,0.296
-0.904,0.24,0.3
-0.904,0.252,0.304
-0.892,0.256,0.296
-0.904,0.272,0.296
-0.904,0.268,0.296
-0.9,0.26,0.288
-0.896,0.252,0.292
-0.908,0.256,0.296
-0.912,0.26,0.292
-0.9,0.288,0.292
-0.904,0.288,0.284
-0.904,0.272,0.288
-0.908,0.256,0.292
-0.908,0.256,0.284
-0.912,0.276,0.284
-0.92,0.304,0.284
-0.912,0.292,0.28
-0.908,0.264,0.288
-0.92,0.248,0.292
-0.92,0.252,0.292
-0.908,0.26,0.3
-0.916,0.28,0.292
-0.924,0.288,0.292
-0.912,0.268,0.288
-0.912,0.256,0.28
-0.92,0.256,0.292
-0.924,0.26,0.292
-0.916,0.264,0.28
-0.912,0.268,0.28
-0.92,0.28,0.28
-0.908,0.28,0.276
-0.916,0.272,0.276
-0.912,0.26,0.288
-0.92,0.256,0.276
-0.912,0.26,0.272
-0.912,0.272,0.272
-0.912,0.276,0.268
-0.916,0.264,0.268
-0.92,0.264,0.26
-0.916,0.26,0.264
-0.92,0.268,0.264
-0.912,0.268,0.268
-0.92,0.276,0.268
-0.92,0.264,0.26
-0.92,0.264,0.264
-0.916,0.26,0.264
-0.92,0.26,0.272
-0.912,0.256,0.272
-0.916,0.26,0.272
-0.916,0.26,0.272
-0.916,0.26,0.276
-0.92,0.264,0.276
-0.92,0.264,0.276
-0.908,0.252,0.272
-0.92,0.268,0.276
-0.916,0.26,0.272
-0.92,0.26,0.272
-0.924,0.256,0.276
-0.924,0.264,0.26
-0.928,0.264,0.268
-0.916,0.264,0.26
-0.912,0.252,0.264
-0.908,0.256,0.268
-0.912,0.264,0.264
-0.916,0.26,0.268
-0.92,0.26,0.276
-0.92,0.256,0.268
-0.92,0.26,0.264
-0.928,0.264,0.276
-0.924,0.256,0.276
-0.928,0.26,0.268
-0.924,0.264,0.268
-0.912,0.26,0.264
-0.92,0.264,0.268
-0.92,0.256,0.276
-0.92,0.256,0.268
-0.92,0.268,0.26
-0.924,0.26,0.264
-0.924,0.26,0.268
-0.924,0.264,0.268
-0.928,0.26,0.256
-0.92,0.26,0.264
-0.928,0.26,0.26
-0.92,0.264,0.26
-0.92,0.26,0.26
-0.916,0.26,0.26
-0.92,0.256,0.26
-0.92,0.26,0.268
-0.924,0.26,0.264
-0.924,0.26,0.26
-0.928,0.26,0.264
-0.932,0.264,0.264
-0.928,0.256,0.26
-0.928,0.264,0.264
-0.924,0.264,0.268
-0.924,0.26,0.264
-0.92,0.26,0.26
-0.92,0.256,0.264
-0.928,0.264,0.26
-0.92,0.256,0.26
-0.916,0.256,0.26
-0.912,0.264,0.26
-0.92,0.268,0.26
-0.916,0.26,0.264
-0.924,0.264,0.264
-0.928,0.26,0.268
-0.924,0.256,0.256
-0.92,0.264,0.256
-0.916,0.264,0.26
-0.92,0.264,0.26
-0.912,0.26,0.256
-0.916,0.272,0.256
-0.912,0.268,0.252
-0.928,0.264,0.26
-0.924,0.26,0.252
-0.924,0.26,0.252
-0.92,0.268,0.248
-0.924,0.264,0.256
-0.924,0.26,0.252
-0.92,0.26,0.256
-0.924,0.26,0.26
-0.92,0.252,0.26
-0.924,0.26,0.256
-0.932,0.264,0.26
-0.932,0.26,0.26
-0.928,0.256,0.264
-0.924,0.252,0.276
-0.924,0.252,0.26
-0.928,0.264,0.26
-0.932,0.272,0.26
-0.92,0.264,0.264
-0.924,0.26,0.26
-0.92,0.256,0.264
-0.924,0.272,0.264
-0.92,0.268,0.26
-0.924,0.268,0.252
-0.916,0.264,0.26
-0.928,0.264,0.256
-0.928,0.268,0.252
-0.924,0.268,0.256
-0.92,0.272,0.252
-0.92,0.268,0.264
-0.928,0.272,0.256
-0.94,0.26,0.268
-0.916,0.256,0.264
-0.92,0.26,0.264
-0.916,0.26,0.26
-0.908,0.252,0.26
-0.912,0.244,0.256
-0.92,0.256,0.26
-0.912,0.256,0.26
-0.912,0.264,0.256
-0.92,0.26,0.256
-0.928,0.26,0.252
-0.92,0.256,0.252
-0.92,0.26,0.256
-0.924,0.268,0.248
-0.916,0.268,0.256
-0.916,0.26,0.248
-0.924,0.256,0.244
-0.928,0.256,0.256
-0.924,0.264,0.256
-0.916,0.256,0.264
-0.916,0.26,0.256
-0.924,0.268,0.26
-0.928,0.26,0.26
-0.928,0.264,0.26
-0.928,0.268,0.26
-0.916,0.26,0.26
-0.92,0.264,0.264
-0.92,0.264,0.26
-0.92,0.252,0.268
-0.916,0.26,0.26
-0.928,0.264,0.264
-0.928,0.26,0.26
-0.928,0.264,0.26
-0.924,0.264,0.264
-0.928,0.256,0.256
-0.92,0.26,0.264
-0.924,0.268,0.256
-0.92,0.264,0.256
-0.92,0.26,0.26
-0.924,0.268,0.26
-0.924,0.268,0.26
-0.92,0.264,0.264
-0.924,0.264,0.26
-0.928,0.264,0.252
-0.92,0.272,0.252
-0.916,0.272,0.252
-0.916,0.264,0.252
-0.928,0.268,0.256
-0.928,0.268,0.256
-0.924,0.268,0.256
-0.924,0.264,0.26
-0.912,0.268,0.256
-0.924,0.272,0.264
-0.92,0.272,0.256
-0.916,0.268,0.264
-0.916,0.264,0.26
-0.92,0.264,0.268
-0.932,0.272,0.268
-0.916,0.26,0.264
-0.924,0.272,0.256
-0.924,0.264,0.272
-0.924,0.268,0.26
-0.928,0.268,0.264
-0.92,0.268,0.256
-0.924,0.272,0.26
-0.924,0.264,0.252
-0.92,0.276,0.252
-0.924,0.272,0.256
-0.924,0.272,0.248
-0.92,0.276,0.248
-0.924,0.268,0.252
